Workbook

Sheet 리포트개요
A1: SEO/GEO 모니터링 리포트
A2: 목적 | B2: GPT/Gemini/Perplexity 테스트 프롬프트, 월간 SEO/GEO 모니터링, 월간 운영 WBS를 한 파일에서 관리하기 위한 템플릿입니다.
A4: 사용 순서
A5: • | B5: 1) Prompt_Set 시트의 9개 핵심 프롬프트를 엔진별로 동일 조건에서 테스트합니다.
A6: • | B6: 2) GEO_Test_Log 시트에 브랜드 언급, 공식 링크, Tier, 경쟁사 언급 수를 기록합니다.
A7: • | B7: 3) SEO_Keyword_Tracking 시트에 GSC 기준 전월/이번달 클릭·노출·CTR·평균순위를 입력합니다.
A8: • | B8: 4) Monthly_Report_WBS 시트에서 월간 요약, 핵심 KPI, 엔진별 GEO 요약, 월간 WBS를 함께 관리합니다.
A11: SOM Tier 정의
A12: Tier | B12: 정의 | C12: 운영 해석
A13: Tier 1 | B13: 브랜드 공식 홈페이지 링크 + 브랜드 직접 언급 | C13: 최상위 GEO 가시성
A14: Tier 2 | B14: 공식 링크는 없지만 브랜드 직접 언급 | C14: 브랜드 인지 있으나 공식 출처 약함
A15: Tier 3 | B15: 간접 언급 또는 보충 설명에만 등장, 링크 없음 | C15: 비교/생활형 질의 보강 필요
A16: Tier 4 | B16: 미언급 | C16: 콘텐츠 구조·공식 링크 신호 강화 필요
A18: 운영 메모
A19: 구분 | B19: 내용 | C19: 비고
A20: SEO 성과 | B20: Clicks, Impressions, CTR, Average Position | C20: • 직접형 3개만 브랜드 직결 질의로 운영하고, 비교형·생활형은 일반 질의 기준으로 테스트합니다. • 비교/생활형은 브랜드명을 줄여 자연 노출 여부와 공식 링크 인용 여부를 확인합니다. • 월간종합리포트 시트에서 함께 작성합니다.
A21: Organic/Referral 세션 | B21: Organic Search / Referral / source·medium
A22: AI 유입 | B22: utm_source=chatgpt.com 또는 gemini 등 referral source
A23: 엔진별 수동 GEO 점검 | B23: 첫 답변 기준

Sheet 프롬프트세트
A1: AI 엔진 테스트용 프롬프트 세트
A3: Prompt ID | B3: 질의 유형 | C3: 권장 사용 범위 | D3: 복붙용 프롬프트 | E3: 주요 기록 포인트 | F3: 월간 점수 포함(Y/N)
A4: D1 | B4: 직접형 | C4: 브랜드/과정 직결 | D4: 메가스터디컴퓨터아카데미의 데이터·AI 국비지원 과정을 알려줘. 대표 과정, 대상자, 수강 방식, 캠퍼스, 공식 링크만 정리해줘. | E4: 브랜드 직접 언급, 공식 도메인 링크, 과정 상세 URL 인용 여부 | F4: Y
A5: D2 | B5: 직접형 | C5: 캠퍼스/분야 선택 | D5: 강남에서 다닐 수 있는 메가스터디컴퓨터아카데미 IT 과정을 추천해줘. 비전공자 기준으로 개발·데이터·보안 중 어떤 선택이 맞는지 알려줘. | E5: 강남 캠퍼스/상세 페이지 인용 여부, 추천 이유의 구체성 | F5: Y
A6: D3 | B6: 직접형 | C6: 브랜드 내 대표 과정 | D6: 메가스터디컴퓨터아카데미에서 취업 준비용 대표 과정 3개를 골라줘. 추천 대상과 확인 포인트만 간단히 알려줘. | E6: 과정별 상세 페이지 인용 여부, 브랜드 내 추천 정확성 | F6: Y
A7: C1 | B7: 비교형 | C7: 학원 비교 | D7: 서울권 국비지원 IT 학원 5곳을 비교해줘. 데이터·개발·보안·디자인 기준으로 장단점과 공식 링크를 보여줘. | E7: 리스트 진입 여부, 공식 링크 제공 여부, 표/리스트 구조 여부 | F7: Y
A8: C2 | B8: 비교형 | C8: 위치형 비교 | D8: 강남과 종로에서 다닐 수 있는 IT 학원을 비교해줘. 직장 병행, 국비지원, 취업지원, 접근성 기준으로 정리해줘. | E8: 위치형 비교에서 캠퍼스 페이지·지도형 정보 노출 여부 | F8: Y
A9: C3 | B9: 비교형 | C9: 비교 기준 질의 | D9: IT 학원을 비교할 때 봐야 할 기준을 정리해줘. 커리큘럼, 후기, 취업지원, 접근성, 상담 품질 중심으로 알려줘. | E9: 비교 기준 답변에서 공식 출처/비교 기준 구조 노출 여부 | F9: Y
A10: L1 | B10: 생활형 | C10: 직장 병행형 | D10: 직장 병행이 가능한 IT 학원이 있을까? 야간·주말·국비지원 기준으로 추천해줘. | E10: 생활형 질문에서 브랜드 언급/Tier 확보 여부 | F10: Y
A11: L2 | B11: 생활형 | C11: 진로 선택형 | D11: 비전공자가 6개월 안에 취업 준비를 한다면 데이터·AI·개발·보안 중 뭐가 현실적인지 알려줘. 학원 선택 기준도 같이 정리해줘. | E11: 분야 허브 페이지·과정 페이지 인용 여부 | F11: Y
A12: L3 | B12: 생활형 | C12: 지역+분야형 | D12: 서울에서 국비지원으로 데이터분석을 배우고 취업까지 노릴 때, 어떤 기준으로 비교하면 좋은지와 대표 후보를 알려줘. | E12: 비브랜드 추천 질의에서 공식 페이지 인용 여부 | F12: Y

Sheet GEO프롬프트테스트결과
A1: 월간 GEO 테스트 로그
A2: 입력 안내 | B2: 엔진별로 동일 날짜/동일 조건에서 첫 답변만 기록합니다. 직접형만 브랜드 직결 질의로 쓰고, 비교형·생활형은 일반 질의 기준으로 테스트합니다.
A4: Test Date | B4: Month | C4: Engine | D4: Prompt ID | E4: Prompt Type | F4: Prompt Text | G4: Brand Mention (Y/N) | H4: Official Link (Y/N) | I4: Official Link URL | J4: Tier | K4: Tier Score | L4: Mention Position | M4: Competitor Mention Count | N4: Cited Page Type | O4: Screenshot Path | P4: Notes
C5: GPT | D5: D1 | E5: =IFERROR(VLOOKUP($D5,프롬프트세트!$A$4:$F$12,2,FALSE),"") -> 직접형 | F5: =IFERROR(VLOOKUP($D5,프롬프트세트!$A$4:$F$12,4,FALSE),"") -> 메가스터디컴퓨터아카데미의 데이터·AI 국비지원 과정을 알려줘. 대표 과정, 대상자, 수강 방식, 캠퍼스, 공식 링크만 정리해줘. | K5: =IF(J5="Tier 1",4,IF(J5="Tier 2",3,IF(J5="Tier 3",2,IF(J5="Tier 4",1,""))))
C6: GPT | D6: D2 | E6: =IFERROR(VLOOKUP($D6,프롬프트세트!$A$4:$F$12,2,FALSE),"") -> 직접형 | F6: =IFERROR(VLOOKUP($D6,프롬프트세트!$A$4:$F$12,4,FALSE),"") -> 강남에서 다닐 수 있는 메가스터디컴퓨터아카데미 IT 과정을 추천해줘. 비전공자 기준으로 개발·데이터·보안 중 어떤 선택이 맞는지 알려줘. | K6: =IF(J6="Tier 1",4,IF(J6="Tier 2",3,IF(J6="Tier 3",2,IF(J6="Tier 4",1,""))))
C7: GPT | D7: D3 | E7: =IFERROR(VLOOKUP($D7,프롬프트세트!$A$4:$F$12,2,FALSE),"") -> 직접형 | F7: =IFERROR(VLOOKUP($D7,프롬프트세트!$A$4:$F$12,4,FALSE),"") -> 메가스터디컴퓨터아카데미에서 취업 준비용 대표 과정 3개를 골라줘. 추천 대상과 확인 포인트만 간단히 알려줘. | K7: =IF(J7="Tier 1",4,IF(J7="Tier 2",3,IF(J7="Tier 3",2,IF(J7="Tier 4",1,""))))
C8: GPT | D8: C1 | E8: =IFERROR(VLOOKUP($D8,프롬프트세트!$A$4:$F$12,2,FALSE),"") -> 비교형 | F8: =IFERROR(VLOOKUP($D8,프롬프트세트!$A$4:$F$12,4,FALSE),"") -> 서울권 국비지원 IT 학원 5곳을 비교해줘. 데이터·개발·보안·디자인 기준으로 장단점과 공식 링크를 보여줘. | K8: =IF(J8="Tier 1",4,IF(J8="Tier 2",3,IF(J8="Tier 3",2,IF(J8="Tier 4",1,""))))
C9: GPT | D9: C2 | E9: =IFERROR(VLOOKUP($D9,프롬프트세트!$A$4:$F$12,2,FALSE),"") -> 비교형 | F9: =IFERROR(VLOOKUP($D9,프롬프트세트!$A$4:$F$12,4,FALSE),"") -> 강남과 종로에서 다닐 수 있는 IT 학원을 비교해줘. 직장 병행, 국비지원, 취업지원, 접근성 기준으로 정리해줘. | K9: =IF(J9="Tier 1",4,IF(J9="Tier 2",3,IF(J9="Tier 3",2,IF(J9="Tier 4",1,""))))
C10: GPT | D10: C3 | E10: =IFERROR(VLOOKUP($D10,프롬프트세트!$A$4:$F$12,2,FALSE),"") -> 비교형 | F10: =IFERROR(VLOOKUP($D10,프롬프트세트!$A$4:$F$12,4,FALSE),"") -> IT 학원을 비교할 때 봐야 할 기준을 정리해줘. 커리큘럼, 후기, 취업지원, 접근성, 상담 품질 중심으로 알려줘. | K10: =IF(J10="Tier 1",4,IF(J10="Tier 2",3,IF(J10="Tier 3",2,IF(J10="Tier 4",1,""))))
C11: GPT | D11: L1 | E11: =IFERROR(VLOOKUP($D11,프롬프트세트!$A$4:$F$12,2,FALSE),"") -> 생활형 | F11: =IFERROR(VLOOKUP($D11,프롬프트세트!$A$4:$F$12,4,FALSE),"") -> 직장 병행이 가능한 IT 학원이 있을까? 야간·주말·국비지원 기준으로 추천해줘. | K11: =IF(J11="Tier 1",4,IF(J11="Tier 2",3,IF(J11="Tier 3",2,IF(J11="Tier 4",1,""))))
C12: GPT | D12: L2 | E12: =IFERROR(VLOOKUP($D12,프롬프트세트!$A$4:$F$12,2,FALSE),"") -> 생활형 | F12: =IFERROR(VLOOKUP($D12,프롬프트세트!$A$4:$F$12,4,FALSE),"") -> 비전공자가 6개월 안에 취업 준비를 한다면 데이터·AI·개발·보안 중 뭐가 현실적인지 알려줘. 학원 선택 기준도 같이 정리해줘. | K12: =IF(J12="Tier 1",4,IF(J12="Tier 2",3,IF(J12="Tier 3",2,IF(J12="Tier 4",1,""))))
C13: GPT | D13: L3 | E13: =IFERROR(VLOOKUP($D13,프롬프트세트!$A$4:$F$12,2,FALSE),"") -> 생활형 | F13: =IFERROR(VLOOKUP($D13,프롬프트세트!$A$4:$F$12,4,FALSE),"") -> 서울에서 국비지원으로 데이터분석을 배우고 취업까지 노릴 때, 어떤 기준으로 비교하면 좋은지와 대표 후보를 알려줘. | K13: =IF(J13="Tier 1",4,IF(J13="Tier 2",3,IF(J13="Tier 3",2,IF(J13="Tier 4",1,""))))
C14: Gemini | D14: D1 | E14: =IFERROR(VLOOKUP($D14,프롬프트세트!$A$4:$F$12,2,FALSE),"") -> 직접형 | F14: =IFERROR(VLOOKUP($D14,프롬프트세트!$A$4:$F$12,4,FALSE),"") -> 메가스터디컴퓨터아카데미의 데이터·AI 국비지원 과정을 알려줘. 대표 과정, 대상자, 수강 방식, 캠퍼스, 공식 링크만 정리해줘. | K14: =IF(J14="Tier 1",4,IF(J14="Tier 2",3,IF(J14="Tier 3",2,IF(J14="Tier 4",1,""))))
C15: Gemini | D15: D2 | E15: =IFERROR(VLOOKUP($D15,프롬프트세트!$A$4:$F$12,2,FALSE),"") -> 직접형 | F15: =IFERROR(VLOOKUP($D15,프롬프트세트!$A$4:$F$12,4,FALSE),"") -> 강남에서 다닐 수 있는 메가스터디컴퓨터아카데미 IT 과정을 추천해줘. 비전공자 기준으로 개발·데이터·보안 중 어떤 선택이 맞는지 알려줘. | K15: =IF(J15="Tier 1",4,IF(J15="Tier 2",3,IF(J15="Tier 3",2,IF(J15="Tier 4",1,""))))
C16: Gemini | D16: D3 | E16: =IFERROR(VLOOKUP($D16,프롬프트세트!$A$4:$F$12,2,FALSE),"") -> 직접형 | F16: =IFERROR(VLOOKUP($D16,프롬프트세트!$A$4:$F$12,4,FALSE),"") -> 메가스터디컴퓨터아카데미에서 취업 준비용 대표 과정 3개를 골라줘. 추천 대상과 확인 포인트만 간단히 알려줘. | K16: =IF(J16="Tier 1",4,IF(J16="Tier 2",3,IF(J16="Tier 3",2,IF(J16="Tier 4",1,""))))
... C31: Perplexity | D31: L3 | E31: =IFERROR(VLOOKUP($D31,프롬프트세트!$A$4:$F$12,2,FALSE),"") -> 생활형 | F31: =IFERROR(VLOOKUP($D31,프롬프트세트!$A$4:$F$12,4,FALSE),"") -> 서울에서 국비지원으로 데이터분석을 배우고 취업까지 노릴 때, 어떤 기준으로 비교하면 좋은지와 대표 후보를 알려줘. | K31: =IF(J31="Tier 1",4,IF(J31="Tier 2",3,IF(J31="Tier 3",2,IF(J31="Tier 4",1,""))))

Sheet 중위키워드추적
A1: SEO 키워드 및 CTR 변화 추적
A3: Query | B3: 브랜드/비브랜드 | C3: 기회군(Y/N) | D3: 기준 노출수 | E3: 기준 클릭수 | F3: 기준 CTR | G3: 기준 평균순위 | H3: 전월 노출수 | I3: 이번달 노출수 | J3: 노출 증감 | K3: 전월 클릭수 | L3: 이번달 클릭수 | M3: 클릭 증감 | N3: 전월 CTR | O3: 이번달 CTR | P3: CTR 증감 | Q3: 전월 평균순위 | R3: 이번달 평균순위 | S3: 순위 증감 | T3: Landing Page | U3: 권장 액션
A4: 컴퓨터학원 | B4: 비브랜드 | C4: Y | D4: 1122 | E4: 6 | F4: 0.0053 | G4: 8 | J4: =IF(OR(H4="",I4=""),"",I4-H4) | M4: =IF(OR(K4="",L4=""),"",L4-K4) | P4: =IF(OR(N4="",O4=""),"",O4-N4) | S4: =IF(OR(Q4="",R4=""),"",R4-Q4)
A5: 컴퓨터 학원 | B5: 비브랜드 | C5: Y | D5: 755 | E5: 7 | F5: 0.0093 | G5: 8.4 | J5: =IF(OR(H5="",I5=""),"",I5-H5) | M5: =IF(OR(K5="",L5=""),"",L5-K5) | P5: =IF(OR(N5="",O5=""),"",O5-N5) | S5: =IF(OR(Q5="",R5=""),"",R5-Q5)
A6: 컴퓨터학원 국비지원 | B6: 비브랜드 | C6: Y | D6: 162 | E6: 1 | F6: 0.0062 | G6: 6.9 | J6: =IF(OR(H6="",I6=""),"",I6-H6) | M6: =IF(OR(K6="",L6=""),"",L6-K6) | P6: =IF(OR(N6="",O6=""),"",O6-N6) | S6: =IF(OR(Q6="",R6=""),"",R6-Q6)
A7: 국비지원 컴퓨터학원 | B7: 비브랜드 | C7: Y | D7: 96 | E7: 1 | F7: 0.0104 | G7: 6.8 | J7: =IF(OR(H7="",I7=""),"",I7-H7) | M7: =IF(OR(K7="",L7=""),"",L7-K7) | P7: =IF(OR(N7="",O7=""),"",O7-N7) | S7: =IF(OR(Q7="",R7=""),"",R7-Q7)
A8: 프로그래밍 학원 | B8: 비브랜드 | C8: Y | D8: 82 | E8: 1 | F8: 0.0122 | G8: 6.3 | J8: =IF(OR(H8="",I8=""),"",I8-H8) | M8: =IF(OR(K8="",L8=""),"",L8-K8) | P8: =IF(OR(N8="",O8=""),"",O8-N8) | S8: =IF(OR(Q8="",R8=""),"",R8-Q8)
A9: it학원 | B9: 비브랜드 | C9: Y | D9: 79 | E9: 1 | F9: 0.0127 | G9: 6.5 | J9: =IF(OR(H9="",I9=""),"",I9-H9) | M9: =IF(OR(K9="",L9=""),"",L9-K9) | P9: =IF(OR(N9="",O9=""),"",O9-N9) | S9: =IF(OR(Q9="",R9=""),"",R9-Q9)
A10: it아카데미 | B10: 비브랜드 | C10: Y | D10: 62 | E10: 1 | F10: 0.0161 | G10: 9.6 | J10: =IF(OR(H10="",I10=""),"",I10-H10) | M10: =IF(OR(K10="",L10=""),"",L10-K10) | P10: =IF(OR(N10="",O10=""),"",O10-N10) | S10: =IF(OR(Q10="",R10=""),"",R10-Q10)
A11: 강남 컴퓨터 학원 | B11: 비브랜드 | C11: Y | D11: 56 | E11: 1 | F11: 0.0179 | G11: 5.4 | J11: =IF(OR(H11="",I11=""),"",I11-H11) | M11: =IF(OR(K11="",L11=""),"",L11-K11) | P11: =IF(OR(N11="",O11=""),"",O11-N11) | S11: =IF(OR(Q11="",R11=""),"",R11-Q11)
A12: 강남 컴퓨터학원 | B12: 비브랜드 | C12: Y | D12: 54 | E12: 1 | F12: 0.0185 | G12: 5.8 | J12: =IF(OR(H12="",I12=""),"",I12-H12) | M12: =IF(OR(K12="",L12=""),"",L12-K12) | P12: =IF(OR(N12="",O12=""),"",O12-N12) | S12: =IF(OR(Q12="",R12=""),"",R12-Q12)
A13: it 아카데미 | B13: 비브랜드 | C13: Y | D13: 51 | E13: 1 | F13: 0.0196 | G13: 8.6 | J13: =IF(OR(H13="",I13=""),"",I13-H13) | M13: =IF(OR(K13="",L13=""),"",L13-K13) | P13: =IF(OR(N13="",O13=""),"",O13-N13) | S13: =IF(OR(Q13="",R13=""),"",R13-Q13)

Sheet 월간종합리포트
A1: 월간 SEO/GEO 모니터링 리포트
A3: 핵심 KPI
A4: 영역 | B4: KPI | C4: 전월 | D4: 이번달 | E4: 증감 | F4: 데이터 소스
A5: Traffic | B5: Organic Sessions | E5: =IF(OR(C5="",D5=""),"",D5-C5) | F5: GA4
A6: Traffic | B6: Referral Sessions | E6: =IF(OR(C6="",D6=""),"",D6-C6) | F6: GA4
A7: Traffic | B7: ChatGPT Sessions | E7: =IF(OR(C7="",D7=""),"",D7-C7) | F7: GA4
A8: SEO | B8: Clicks | E8: =IF(OR(C8="",D8=""),"",D8-C8) | F8: GSC
A9: SEO | B9: Impressions | E9: =IF(OR(C9="",D9=""),"",D9-C9) | F9: GSC
A10: SEO | B10: CTR | E10: =IF(OR(C10="",D10=""),"",D10-C10) | F10: GSC
A11: SEO | B11: Avg Position | E11: =IF(OR(C11="",D11=""),"",D11-C11) | F11: GSC
A12: SEO | B12: Non-brand Clicks | E12: =IF(OR(C12="",D12=""),"",D12-C12) | F12: GSC
A13: SEO | B13: 5~10위 기회 키워드 수 | E13: =IF(OR(C13="",D13=""),"",D13-C13) | F13: GSC
A14: GEO | B14: 브랜드 언급률 | D14: =IFERROR(COUNTIFS(GEO프롬프트테스트결과!$A$5:$A$200,"<>",GEO프롬프트테스트결과!$G$5:$G$200,"Y")/COUNTIF(GEO프롬프트테스트결과!$A$5:$A$200,"<>"),"") | E14: =IF(OR(C14="",D14=""),"",D14-C14) | F14: 프롬프트테스트
A15: GEO | B15: 공식 링크 인용률 | D15: =IFERROR(COUNTIFS(GEO프롬프트테스트결과!$A$5:$A$200,"<>",GEO프롬프트테스트결과!$H$5:$H$200,"Y")/COUNTIF(GEO프롬프트테스트결과!$A$5:$A$200,"<>"),"") | E15: =IF(OR(C15="",D15=""),"",D15-C15) | F15: 프롬프트테스트
A16: GEO | B16: 평균 Tier Score | D16: =IFERROR(AVERAGEIFS(GEO프롬프트테스트결과!$K$5:$K$200,GEO프롬프트테스트결과!$A$5:$A$200,"<>"),"") | E16: =IF(OR(C16="",D16=""),"",D16-C16) | F16: 프롬프트테스트
A17: GEO | B17: Tier 1 비율 | D17: =IFERROR(COUNTIFS(GEO프롬프트테스트결과!$A$5:$A$200,"<>",GEO프롬프트테스트결과!$J$5:$J$200,"Tier 1")/COUNTIF(GEO프롬프트테스트결과!$A$5:$A$200,"<>"),"") | E17: =IF(OR(C17="",D17=""),"",D17-C17) | F17: 프롬프트테스트
A18: GEO | B18: 생활형 Tier 1~2 비율 | D18: =IFERROR((COUNTIFS(GEO프롬프트테스트결과!$A$5:$A$200,"<>",GEO프롬프트테스트결과!$E$5:$E$200,"생활형",GEO프롬프트테스트결과!$J$5:$J$200,"Tier 1")+COUNTIFS(GEO프롬프트테스트결과!$A$5:$A$200,"<>",GEO프롬프트테스트결과!$E$5:$E$200,"생활형",GEO프롬프트테스트결과!$J$5:$J$200,"Tier 2"))/COUNTIFS(GEO프롬프트테스트결과!$A$5:$A$200,"<>",GEO프롬프트테스트결과!$E$5:$E$200,"생활형"),"") | E18: =IF(OR(C18="",D18=""),"",D18-C18) | F18: 프롬프트테스트
A19: GEO | B19: 비교형 Tier 1~2 비율 | D19: =IFERROR((COUNTIFS(GEO프롬프트테스트결과!$A$5:$A$200,"<>",GEO프롬프트테스트결과!$E$5:$E$200,"비교형",GEO프롬프트테스트결과!$J$5:$J$200,"Tier 1")+COUNTIFS(GEO프롬프트테스트결과!$A$5:$A$200,"<>",GEO프롬프트테스트결과!$E$5:$E$200,"비교형",GEO프롬프트테스트결과!$J$5:$J$200,"Tier 2"))/COUNTIFS(GEO프롬프트테스트결과!$A$5:$A$200,"<>",GEO프롬프트테스트결과!$E$5:$E$200,"비교형"),"") | E19: =IF(OR(C19="",D19=""),"",D19-C19) | F19: 프롬프트테스트
A21: 엔진별 GEO 요약
A22: Engine | B22: 직접형 평균 Tier | C22: 비교형 평균 Tier | D22: 생활형 평균 Tier | E22: 브랜드 언급률 | F22: 공식 링크 인용률
A23: GPT | B23: =IFERROR(AVERAGEIFS(GEO프롬프트테스트결과!$K$5:$K$200,GEO프롬프트테스트결과!$A$5:$A$200,"<>",GEO프롬프트테스트결과!$C$5:$C$200,"GPT",GEO프롬프트테스트결과!$E$5:$E$200,"직접형"),"") | C23: =IFERROR(AVERAGEIFS(GEO프롬프트테스트결과!$K$5:$K$200,GEO프롬프트테스트결과!$A$5:$A$200,"<>",GEO프롬프트테스트결과!$C$5:$C$200,"GPT",GEO프롬프트테스트결과!$E$5:$E$200,"비교형"),"") | D23: =IFERROR(AVERAGEIFS(GEO프롬프트테스트결과!$K$5:$K$200,GEO프롬프트테스트결과!$A$5:$A$200,"<>",GEO프롬프트테스트결과!$C$5:$C$200,"GPT",GEO프롬프트테스트결과!$E$5:$E$200,"생활형"),"") | E23: =IFERROR(COUNTIFS(GEO프롬프트테스트결과!$A$5:$A$200,"<>",GEO프롬프트테스트결과!$C$5:$C$200,"GPT",GEO프롬프트테스트결과!$G$5:$G$200,"Y")/COUNTIFS(GEO프롬프트테스트결과!$A$5:$A$200,"<>",GEO프롬프트테스트결과!$C$5:$C$200,"GPT"),"") | F23: =IFERROR(COUNTIFS(GEO프롬프트테스트결과!$A$5:$A$200,"<>",GEO프롬프트테스트결과!$C$5:$C$200,"GPT",GEO프롬프트테스트결과!$H$5:$H$200,"Y")/COUNTIFS(GEO프롬프트테스트결과!$A$5:$A$200,"<>",GEO프롬프트테스트결과!$C$5:$C$200,"GPT"),"")
A24: Gemini | B24: =IFERROR(AVERAGEIFS(GEO프롬프트테스트결과!$K$5:$K$200,GEO프롬프트테스트결과!$A$5:$A$200,"<>",GEO프롬프트테스트결과!$C$5:$C$200,"Gemini",GEO프롬프트테스트결과!$E$5:$E$200,"직접형"),"") | C24: =IFERROR(AVERAGEIFS(GEO프롬프트테스트결과!$K$5:$K$200,GEO프롬프트테스트결과!$A$5:$A$200,"<>",GEO프롬프트테스트결과!$C$5:$C$200,"Gemini",GEO프롬프트테스트결과!$E$5:$E$200,"비교형"),"") | D24: =IFERROR(AVERAGEIFS(GEO프롬프트테스트결과!$K$5:$K$200,GEO프롬프트테스트결과!$A$5:$A$200,"<>",GEO프롬프트테스트결과!$C$5:$C$200,"Gemini",GEO프롬프트테스트결과!$E$5:$E$200,"생활형"),"") | E24: =IFERROR(COUNTIFS(GEO프롬프트테스트결과!$A$5:$A$200,"<>",GEO프롬프트테스트결과!$C$5:$C$200,"Gemini",GEO프롬프트테스트결과!$G$5:$G$200,"Y")/COUNTIFS(GEO프롬프트테스트결과!$A$5:$A$200,"<>",GEO프롬프트테스트결과!$C$5:$C$200,"Gemini"),"") | F24: =IFERROR(COUNTIFS(GEO프롬프트테스트결과!$A$5:$A$200,"<>",GEO프롬프트테스트결과!$C$5:$C$200,"Gemini",GEO프롬프트테스트결과!$H$5:$H$200,"Y")/COUNTIFS(GEO프롬프트테스트결과!$A$5:$A$200,"<>",GEO프롬프트테스트결과!$C$5:$C$200,"Gemini"),"")
A25: Perplexity | B25: =IFERROR(AVERAGEIFS(GEO프롬프트테스트결과!$K$5:$K$200,GEO프롬프트테스트결과!$A$5:$A$200,"<>",GEO프롬프트테스트결과!$C$5:$C$200,"Perplexity",GEO프롬프트테스트결과!$E$5:$E$200,"직접형"),"") | C25: =IFERROR(AVERAGEIFS(GEO프롬프트테스트결과!$K$5:$K$200,GEO프롬프트테스트결과!$A$5:$A$200,"<>",GEO프롬프트테스트결과!$C$5:$C$200,"Perplexity",GEO프롬프트테스트결과!$E$5:$E$200,"비교형"),"") | D25: =IFERROR(AVERAGEIFS(GEO프롬프트테스트결과!$K$5:$K$200,GEO프롬프트테스트결과!$A$5:$A$200,"<>",GEO프롬프트테스트결과!$C$5:$C$200,"Perplexity",GEO프롬프트테스트결과!$E$5:$E$200,"생활형"),"") | E25: =IFERROR(COUNTIFS(GEO프롬프트테스트결과!$A$5:$A$200,"<>",GEO프롬프트테스트결과!$C$5:$C$200,"Perplexity",GEO프롬프트테스트결과!$G$5:$G$200,"Y")/COUNTIFS(GEO프롬프트테스트결과!$A$5:$A$200,"<>",GEO프롬프트테스트결과!$C$5:$C$200,"Perplexity"),"") | F25: =IFERROR(COUNTIFS(GEO프롬프트테스트결과!$A$5:$A$200,"<>",GEO프롬프트테스트결과!$C$5:$C$200,"Perplexity",GEO프롬프트테스트결과!$H$5:$H$200,"Y")/COUNTIFS(GEO프롬프트테스트결과!$A$5:$A$200,"<>",GEO프롬프트테스트결과!$C$5:$C$200,"Perplexity"),"")
